dataset,figure,panel,algo,x,y,lo,hi
pu0,eff_purity,efficiency,maskformer,0.707107,0.60343,0.600726,0.606128
pu0,eff_purity,efficiency,maskformer,1.41421,0.765937,0.763119,0.768732
pu0,eff_purity,efficiency,maskformer,3.16228,0.786462,0.783343,0.789548
pu0,eff_purity,efficiency,maskformer,7.07107,0.770679,0.765508,0.775772
pu0,eff_purity,efficiency,maskformer,14.1421,0.744338,0.736422,0.752099
pu0,eff_purity,efficiency,maskformer,31.6228,0.715714,0.703147,0.727965
pu0,eff_purity,efficiency,maskformer,100,0.730337,0.700434,0.758401
pu0,eff_purity,purity,maskformer,0.707107,0.872932,0.870614,0.875215
pu0,eff_purity,purity,maskformer,1.41421,0.89707,0.894824,0.899273
pu0,eff_purity,purity,maskformer,3.16228,0.887475,0.884897,0.890003
pu0,eff_purity,purity,maskformer,7.07107,0.861597,0.857104,0.865974
pu0,eff_purity,purity,maskformer,14.1421,0.853293,0.846554,0.859792
pu0,eff_purity,purity,maskformer,31.6228,0.818455,0.807277,0.829138
pu0,eff_purity,purity,maskformer,100,0.851562,0.825921,0.874223
pu0,eff_purity,efficiency,clue,0.707107,0.49031,0.48755,0.493069
pu0,eff_purity,efficiency,clue,1.41421,0.578756,0.575484,0.582022
pu0,eff_purity,efficiency,clue,3.16228,0.597963,0.594252,0.601664
pu0,eff_purity,efficiency,clue,7.07107,0.563958,0.557908,0.569989
pu0,eff_purity,efficiency,clue,14.1421,0.55197,0.54304,0.560867
pu0,eff_purity,efficiency,clue,31.6228,0.602857,0.589352,0.616212
pu0,eff_purity,efficiency,clue,100,0.808989,0.781848,0.833641
pu0,eff_purity,purity,clue,0.707107,0.899721,0.897574,0.901828
pu0,eff_purity,purity,clue,1.41421,0.914743,0.912566,0.916872
pu0,eff_purity,purity,clue,3.16228,0.891502,0.888787,0.894159
pu0,eff_purity,purity,clue,7.07107,0.823995,0.818609,0.829258
pu0,eff_purity,purity,clue,14.1421,0.715716,0.706587,0.724676
pu0,eff_purity,purity,clue,31.6228,0.608096,0.593249,0.622752
pu0,eff_purity,purity,clue,100,0.648305,0.614505,0.680767
pu0,response,median,maskformer,0.707107,1.00872,1.00735,1.01
pu0,response,median,maskformer,1.41421,1,1,1
pu0,response,median,maskformer,3.16228,0.997161,0.996327,0.997928
pu0,response,median,maskformer,7.07107,0.98928,0.988194,0.991753
pu0,response,median,maskformer,14.1421,0.990768,0.98861,0.99563
pu0,response,median,maskformer,31.6228,0.985217,0.977324,0.990821
pu0,response,median,maskformer,100,1,0.993108,1
pu0,response,resolution,maskformer,0.707107,0.173042,0.167518,0.177981
pu0,response,resolution,maskformer,1.41421,0.142036,0.138952,0.145791
pu0,response,resolution,maskformer,3.16228,0.179578,0.176031,0.182977
pu0,response,resolution,maskformer,7.07107,0.22663,0.22108,0.233097
pu0,response,resolution,maskformer,14.1421,0.259798,0.252689,0.274437
pu0,response,resolution,maskformer,31.6228,0.321991,0.303505,0.341711
pu0,response,resolution,maskformer,100,0.224891,0.183246,0.248055
pu0,response,median,clue,0.707107,0.948742,0.947513,0.949744
pu0,response,median,clue,1.41421,0.888301,0.885251,0.891657
pu0,response,median,clue,3.16228,0.850286,0.844691,0.853715
pu0,response,median,clue,7.07107,0.874362,0.868265,0.880486
pu0,response,median,clue,14.1421,0.962752,0.947711,0.979753
pu0,response,median,clue,31.6228,1.20457,1.16987,1.24987
pu0,response,median,clue,100,1.37875,1.30432,1.43739
pu0,response,resolution,clue,0.707107,0.288819,0.283982,0.294746
pu0,response,resolution,clue,1.41421,0.356792,0.353161,0.36041
pu0,response,resolution,clue,3.16228,0.401955,0.397394,0.407493
pu0,response,resolution,clue,7.07107,0.57664,0.56035,0.594574
pu0,response,resolution,clue,14.1421,1.07154,0.99042,1.12523
pu0,response,resolution,clue,31.6228,1.17412,0.980878,1.25198
pu0,response,resolution,clue,100,0.690243,0.644772,0.773115
pu0,particle_class,efficiency,maskformer,0,0.707221,0.704688,0.709742
pu0,particle_class,fragmentation,maskformer,0,0.179727,0.177851,0.1816
pu0,particle_class,efficiency,maskformer,1,0.709229,0.707103,0.711345
pu0,particle_class,fragmentation,maskformer,1,0.280323,0.278975,0.281921
pu0,particle_class,efficiency,maskformer,2,0.650452,0.644112,0.656741
pu0,particle_class,fragmentation,maskformer,2,0.321566,0.318748,0.325268
pu0,particle_class,efficiency,clue,0,0.610085,0.607374,0.612789
pu0,particle_class,fragmentation,clue,0,0.0732391,0.0722378,0.0740881
pu0,particle_class,efficiency,clue,1,0.504201,0.501866,0.506535
pu0,particle_class,fragmentation,clue,1,0.406485,0.405178,0.40797
pu0,particle_class,efficiency,clue,2,0.550777,0.544184,0.557351
pu0,particle_class,fragmentation,clue,2,0.365861,0.362662,0.369263
pu0,isolation,pt_soft,maskformer,0.01,0.596727,0.586428,0.606942
pu0,isolation,pt_soft,maskformer,0.0316228,0.723497,0.717587,0.729331
pu0,isolation,pt_soft,maskformer,0.0707107,0.72914,0.724619,0.733614
pu0,isolation,pt_soft,maskformer,0.141421,0.721986,0.718024,0.725913
pu0,isolation,pt_soft,maskformer,0.316228,0.696193,0.692231,0.700128
pu0,isolation,pt_soft,maskformer,1.58114,0.639783,0.632412,0.647089
pu0,isolation,pt_soft,clue,0.01,0.37222,0.362164,0.382385
pu0,isolation,pt_soft,clue,0.0316228,0.487188,0.480638,0.493742
pu0,isolation,pt_soft,clue,0.0707107,0.610638,0.605697,0.615557
pu0,isolation,pt_soft,clue,0.141421,0.592976,0.588647,0.59729
pu0,isolation,pt_soft,clue,0.316228,0.543928,0.539652,0.548198
pu0,isolation,pt_soft,clue,1.58114,0.517671,0.510033,0.525301
pu0,isolation,pt_mid,maskformer,0.01,0.727604,0.719625,0.735443
pu0,isolation,pt_mid,maskformer,0.0316228,0.784872,0.779736,0.789923
pu0,isolation,pt_mid,maskformer,0.0707107,0.829177,0.824115,0.834124
pu0,isolation,pt_mid,maskformer,0.141421,0.868861,0.863128,0.874393
pu0,isolation,pt_mid,maskformer,0.316228,0.904432,0.896056,0.912223
pu0,isolation,pt_mid,maskformer,1.58114,0.944444,0.912735,0.966262
pu0,isolation,pt_mid,clue,0.01,0.416338,0.407623,0.425105
pu0,isolation,pt_mid,clue,0.0316228,0.570789,0.564659,0.576898
pu0,isolation,pt_mid,clue,0.0707107,0.698497,0.692379,0.704545
pu0,isolation,pt_mid,clue,0.141421,0.726042,0.718582,0.733379
pu0,isolation,pt_mid,clue,0.316228,0.768698,0.757066,0.779946
pu0,isolation,pt_mid,clue,1.58114,0.87037,0.829599,0.903348
pu0,isolation,pt_hard,maskformer,0.01,0.690125,0.678948,0.701091
pu0,isolation,pt_hard,maskformer,0.0316228,0.782145,0.770966,0.792937
pu0,isolation,pt_hard,maskformer,0.0707107,0.866928,0.850165,0.882163
pu0,isolation,pt_hard,maskformer,0.141421,0.957627,0.929979,0.97581
pu0,isolation,pt_hard,maskformer,0.316228,0.945205,0.903998,0.971247
pu0,isolation,pt_hard,maskformer,1.58114,0.978723,0.931493,0.996331
pu0,isolation,pt_hard,clue,0.01,0.496999,0.485053,0.508949
pu0,isolation,pt_hard,clue,0.0316228,0.636909,0.624073,0.649557
pu0,isolation,pt_hard,clue,0.0707107,0.780822,0.760979,0.799509
pu0,isolation,pt_hard,clue,0.141421,0.90678,0.871815,0.933803
pu0,isolation,pt_hard,clue,0.316228,0.931507,0.887827,0.960774
pu0,isolation,pt_hard,clue,1.58114,0.957447,0.904061,0.984885
pu0,energy_budget,recovered,maskformer,,0.693258,,
pu0,energy_budget,taken by another cluster,maskformer,,0.236789,,
pu0,energy_budget,never claimed,maskformer,,0.0699533,,
pu0,energy_budget,recovered,clue,,0.575975,,
pu0,energy_budget,taken by another cluster,clue,,0.341821,,
pu0,energy_budget,never claimed,clue,,0.0822034,,
pu0,cluster_size,size,maskformer,0.707107,0.641881,0.639369,0.644933
pu0,cluster_size,size,maskformer,1.41421,0.753963,0.750489,0.757426
pu0,cluster_size,size,maskformer,3.16228,0.736274,0.732645,0.73992
pu0,cluster_size,size,maskformer,7.07107,0.691679,0.685845,0.697908
pu0,cluster_size,size,maskformer,14.1421,0.656249,0.649766,0.664695
pu0,cluster_size,size,maskformer,31.6228,0.615915,0.604375,0.628616
pu0,cluster_size,size,maskformer,100,0.628886,0.601869,0.657707
pu0,cluster_size,size_ratio,maskformer,0.707107,0.882319,0.876814,0.886643
pu0,cluster_size,size_ratio,maskformer,1.41421,0.986454,0.981128,0.991204
pu0,cluster_size,size_ratio,maskformer,3.16228,0.976355,0.971828,0.981106
pu0,cluster_size,size_ratio,maskformer,7.07107,0.959373,0.953719,0.966437
pu0,cluster_size,size_ratio,maskformer,14.1421,0.934794,0.927951,0.944398
pu0,cluster_size,size_ratio,maskformer,31.6228,0.893517,0.881007,0.908103
pu0,cluster_size,size_ratio,maskformer,100,0.911796,0.875531,0.947508
pu0,cluster_size,size,clue,0.707107,0.474692,0.472013,0.477531
pu0,cluster_size,size,clue,1.41421,0.544955,0.541268,0.548808
pu0,cluster_size,size,clue,3.16228,0.562986,0.558381,0.566952
pu0,cluster_size,size,clue,7.07107,0.544827,0.537582,0.551576
pu0,cluster_size,size,clue,14.1421,0.541812,0.532593,0.551229
pu0,cluster_size,size,clue,31.6228,0.616921,0.602553,0.632139
pu0,cluster_size,size,clue,100,0.810798,0.775419,0.841179
pu0,cluster_size,size_ratio,clue,0.707107,0.605524,0.601921,0.609942
pu0,cluster_size,size_ratio,clue,1.41421,0.68652,0.68223,0.691285
pu0,cluster_size,size_ratio,clue,3.16228,0.758175,0.751659,0.762658
pu0,cluster_size,size_ratio,clue,7.07107,0.850461,0.836519,0.862394
pu0,cluster_size,size_ratio,clue,14.1421,1.05821,1.03634,1.07847
pu0,cluster_size,size_ratio,clue,31.6228,1.41678,1.38691,1.45219
pu0,cluster_size,size_ratio,clue,100,1.87446,1.77132,1.9848
pu0,shower_profile,dr,maskformer,0.0025,0.832801,0.824972,0.840231
pu0,shower_profile,dr,maskformer,0.0075,0.814859,0.8091,0.820813
pu0,shower_profile,dr,maskformer,0.015,0.794019,0.788819,0.799572
pu0,shower_profile,dr,maskformer,0.025,0.76012,0.754967,0.765233
pu0,shower_profile,dr,maskformer,0.04,0.715361,0.710247,0.719867
pu0,shower_profile,dr,maskformer,0.065,0.637971,0.631783,0.642785
pu0,shower_profile,dr,maskformer,0.1,0.552413,0.544858,0.558643
pu0,shower_profile,dr,maskformer,0.16,0.426642,0.420124,0.431514
pu0,shower_profile,dr,maskformer,0.275,0.269149,0.264121,0.274112
pu0,shower_profile,dr_taken,maskformer,0.0025,0.986781,0.98646,0.98726
pu0,shower_profile,dr_taken,maskformer,0.0075,0.980187,0.979735,0.980788
pu0,shower_profile,dr_taken,maskformer,0.015,0.975843,0.97525,0.976457
pu0,shower_profile,dr_taken,maskformer,0.025,0.968739,0.968032,0.969367
pu0,shower_profile,dr_taken,maskformer,0.04,0.957221,0.956305,0.958024
pu0,shower_profile,dr_taken,maskformer,0.065,0.933593,0.932439,0.934712
pu0,shower_profile,dr_taken,maskformer,0.1,0.901842,0.899836,0.903591
pu0,shower_profile,dr_taken,maskformer,0.16,0.83895,0.836199,0.841968
pu0,shower_profile,dr_taken,maskformer,0.275,0.712018,0.706037,0.718182
pu0,shower_profile,dr,clue,0.0025,0.68887,0.681328,0.695207
pu0,shower_profile,dr,clue,0.0075,0.706437,0.699089,0.713214
pu0,shower_profile,dr,clue,0.015,0.69982,0.693115,0.705217
pu0,shower_profile,dr,clue,0.025,0.665469,0.658903,0.670832
pu0,shower_profile,dr,clue,0.04,0.586689,0.581441,0.591087
pu0,shower_profile,dr,clue,0.065,0.455009,0.449049,0.459577
pu0,shower_profile,dr,clue,0.1,0.366588,0.361358,0.370478
pu0,shower_profile,dr,clue,0.16,0.311643,0.306184,0.31518
pu0,shower_profile,dr,clue,0.275,0.247618,0.241585,0.251688
pu0,shower_profile,dr_taken,clue,0.0025,0.995323,0.995149,0.99548
pu0,shower_profile,dr_taken,clue,0.0075,0.98803,0.987731,0.988317
pu0,shower_profile,dr_taken,clue,0.015,0.974118,0.973494,0.974717
pu0,shower_profile,dr_taken,clue,0.025,0.953293,0.952387,0.954258
pu0,shower_profile,dr_taken,clue,0.04,0.911099,0.909556,0.912894
pu0,shower_profile,dr_taken,clue,0.065,0.835334,0.832498,0.838375
pu0,shower_profile,dr_taken,clue,0.1,0.7769,0.773597,0.780454
pu0,shower_profile,dr_taken,clue,0.16,0.760037,0.756369,0.763457
pu0,shower_profile,dr_taken,clue,0.275,0.763659,0.760051,0.767603
pu0,shower_profile,depth,maskformer,0.5,0.543594,0.537868,0.548851
pu0,shower_profile,depth,maskformer,1.5,0.594812,0.589729,0.599626
pu0,shower_profile,depth,maskformer,2.5,0.630548,0.625691,0.63515
pu0,shower_profile,depth,maskformer,3.5,0.657877,0.652175,0.663535
pu0,shower_profile,depth,maskformer,5,0.677678,0.67177,0.682868
pu0,shower_profile,depth,maskformer,7,0.698344,0.69244,0.703021
pu0,shower_profile,depth,maskformer,10,0.714581,0.709313,0.719038
pu0,shower_profile,depth,maskformer,14,0.728682,0.72296,0.733892
pu0,shower_profile,depth,maskformer,20,0.724809,0.719922,0.729818
pu0,shower_profile,depth,maskformer,30,0.729716,0.724342,0.735747
pu0,shower_profile,depth,maskformer,42,0.732452,0.726485,0.738055
pu0,shower_profile,depth_taken,maskformer,0.5,0.834832,0.832972,0.837614
pu0,shower_profile,depth_taken,maskformer,1.5,0.871383,0.869373,0.873736
pu0,shower_profile,depth_taken,maskformer,2.5,0.894812,0.893092,0.897167
pu0,shower_profile,depth_taken,maskformer,3.5,0.910327,0.908895,0.91194
pu0,shower_profile,depth_taken,maskformer,5,0.920863,0.919556,0.922221
pu0,shower_profile,depth_taken,maskformer,7,0.930746,0.929485,0.932273
pu0,shower_profile,depth_taken,maskformer,10,0.940546,0.939447,0.941633
pu0,shower_profile,depth_taken,maskformer,14,0.947096,0.946215,0.94806
pu0,shower_profile,depth_taken,maskformer,20,0.94912,0.948122,0.950126
pu0,shower_profile,depth_taken,maskformer,30,0.948927,0.94785,0.950097
pu0,shower_profile,depth_taken,maskformer,42,0.945029,0.943745,0.946226
pu0,shower_profile,depth,clue,0.5,0.416955,0.411406,0.422263
pu0,shower_profile,depth,clue,1.5,0.477969,0.472178,0.482809
pu0,shower_profile,depth,clue,2.5,0.517927,0.511711,0.52245
pu0,shower_profile,depth,clue,3.5,0.537556,0.531442,0.541165
pu0,shower_profile,depth,clue,5,0.563908,0.557819,0.56764
pu0,shower_profile,depth,clue,7,0.586338,0.579664,0.591101
pu0,shower_profile,depth,clue,10,0.611588,0.604948,0.616521
pu0,shower_profile,depth,clue,14,0.622736,0.616493,0.627607
pu0,shower_profile,depth,clue,20,0.621402,0.615523,0.626458
pu0,shower_profile,depth,clue,30,0.599598,0.594297,0.604643
pu0,shower_profile,depth,clue,42,0.545592,0.54015,0.552618
pu0,shower_profile,depth_taken,clue,0.5,0.909507,0.908387,0.911132
pu0,shower_profile,depth_taken,clue,1.5,0.935201,0.934213,0.936604
pu0,shower_profile,depth_taken,clue,2.5,0.945797,0.94498,0.946846
pu0,shower_profile,depth_taken,clue,3.5,0.950148,0.949286,0.951139
pu0,shower_profile,depth_taken,clue,5,0.953746,0.953038,0.95462
pu0,shower_profile,depth_taken,clue,7,0.954153,0.953375,0.955121
pu0,shower_profile,depth_taken,clue,10,0.95019,0.949256,0.951206
pu0,shower_profile,depth_taken,clue,14,0.938699,0.937654,0.939956
pu0,shower_profile,depth_taken,clue,20,0.913429,0.911781,0.915074
pu0,shower_profile,depth_taken,clue,30,0.861953,0.85952,0.864722
pu0,shower_profile,depth_taken,clue,42,0.803501,0.80021,0.807258
pu0,jets,efficiency,maskformer,29.5804,0.853974,0.83718,0.869381
pu0,jets,efficiency,maskformer,41.833,0.992714,0.986991,0.996198
pu0,jets,efficiency,maskformer,61.2372,1,0.996203,1
pu0,jets,efficiency,maskformer,90.8295,0.996622,0.988896,0.999417
pu0,jets,efficiency,maskformer,132.665,1,0.986455,1
pu0,jets,efficiency,maskformer,200,1,0.960767,1
pu0,jets,efficiency,maskformer,316.228,1,0.891307,1
pu0,jets,median,maskformer,29.5804,0.987789,0.986169,0.989196
pu0,jets,median,maskformer,41.833,0.981182,0.978609,0.982256
pu0,jets,median,maskformer,61.2372,0.9819,0.979857,0.982906
pu0,jets,median,maskformer,90.8295,0.980145,0.978228,0.98193
pu0,jets,median,maskformer,132.665,0.976738,0.975633,0.979142
pu0,jets,median,maskformer,200,0.97539,0.97388,0.978824
pu0,jets,median,maskformer,316.228,0.974547,0.968317,0.982246
pu0,jets,resolution,maskformer,29.5804,0.0362301,0.0350239,0.0382607
pu0,jets,resolution,maskformer,41.833,0.0351114,0.033121,0.0365487
pu0,jets,resolution,maskformer,61.2372,0.0282443,0.0269802,0.0292489
pu0,jets,resolution,maskformer,90.8295,0.0226116,0.0209844,0.0257165
pu0,jets,resolution,maskformer,132.665,0.0251776,0.0222795,0.0272643
pu0,jets,resolution,maskformer,200,0.0145946,0.0114773,0.0172237
pu0,jets,resolution,maskformer,316.228,0.0246328,0.015025,0.0283629
pu0,jets,efficiency,clue,29.5804,0.876155,0.860332,0.890499
pu0,jets,efficiency,clue,41.833,1,0.996652,1
pu0,jets,efficiency,clue,61.2372,1,0.996203,1
pu0,jets,efficiency,clue,90.8295,1,0.9938,1
pu0,jets,efficiency,clue,132.665,1,0.986455,1
pu0,jets,efficiency,clue,200,1,0.960767,1
pu0,jets,efficiency,clue,316.228,1,0.891307,1
pu0,jets,median,clue,29.5804,0.981778,0.979237,0.984169
pu0,jets,median,clue,41.833,0.981003,0.979148,0.982536
pu0,jets,median,clue,61.2372,0.98855,0.987917,0.989407
pu0,jets,median,clue,90.8295,0.990557,0.989555,0.991245
pu0,jets,median,clue,132.665,0.991124,0.990208,0.992101
pu0,jets,median,clue,200,0.993731,0.991977,0.995129
pu0,jets,median,clue,316.228,0.99699,0.991174,0.999376
pu0,jets,resolution,clue,29.5804,0.0358099,0.0332114,0.038717
pu0,jets,resolution,clue,41.833,0.0304691,0.0292023,0.0331956
pu0,jets,resolution,clue,61.2372,0.0228651,0.0217918,0.0250632
pu0,jets,resolution,clue,90.8295,0.0159211,0.0148471,0.0175883
pu0,jets,resolution,clue,132.665,0.017181,0.014767,0.0189605
pu0,jets,resolution,clue,200,0.00882787,0.00681463,0.0114528
pu0,jets,resolution,clue,316.228,0.0128297,0.00911336,0.0152419
